<application>
  <component name="FindSettings">
    <option name="customScope" value="File '.../src/Trafi.Dmp.Tasks.TrackStopRemoveTransform/TrackStopRemoveTransform.cs'" />
    <option name="defaultScopeName" value="File '.../src/Trafi.Dmp.Tasks.TrackStopRemoveTransform/TrackStopRemoveTransform.cs'" />
    <option name="SEARCH_SCOPE" value="File '.../src/Trafi.Dmp.Tasks.TrackStopRemoveTransform/TrackStopRemoveTransform.cs'" />
    <mask>*.properties</mask>
    <mask>*.html</mask>
    <mask>*.jsp</mask>
    <mask>*.xml</mask>
    <mask>*.java</mask>
    <mask>*.js</mask>
    <mask>*.as</mask>
    <mask>*.css</mask>
    <mask>*.mxml</mask>
  </component>
</application>