<application>
  <component name="DBNavigator.Application.Settings">
    <enable-debug-mode value="false" />
    <enable-developer-mode value="false" />
    <show-plugin-conflict-dialog value="false" />
  </component>
  <component name="NodeJsLocalInterpreters">
    <local-interpreter path="/usr/local/bin/node">
      <version-cache version="6.11.2" last-modified="1501566712000" />
    </local-interpreter>
  </component>
  <component name="PropertiesComponent">
    <property name="CommitChangeListDialog.DETAILS_SPLITTER_PROPORTION_2" value="0.81371087" />
    <property name="CommittedChanges.SplitterProportions.0" value="700" />
    <property name="CommittedChanges.SplitterProportions.1" value="500" />
    <property name="DeploymentNotificationsComponent.WarnDisplayed.Java7&amp;Windows7FTPIssue" value="false" />
    <property name="ExpandBeforeRunStepsPanel" value="true" />
    <property name="ExpandRunDashboardTypesPanel" value="false" />
    <property name="FileTemplates.CurrentTab" value="Code" />
    <property name="FileTemplates.SelectedTemplate" value="Apex Test Method" />
    <property name="HbAutoCollapseBlocks" value="disabled" />
    <property name="INSPECTION_FILTER_HISTORY" value="linq" />
    <property name="KEYMAP" value="implementation&#10;breakpoint&#10;breakpo&#10;stop&#10;debug" />
    <property name="RD.Init.Cfg.1" value="true" />
    <property name="RD.Init.Cfg.2" value="true" />
    <property name="RD.Init.DialogShown.Ide" value="true" />
    <property name="RiderNuGetManagementPanel.Splitter" value="0.46827793" />
    <property name="RiderNuGetOptionStorage.IncludePrerelease" value="false" />
    <property name="RiderUnitTestViewSettings.managementSplitterOrientation" value="true" />
    <property name="SearchEveryWhereHistory" value="" />
    <property name="SettingsSearchHistory" value="lin len" />
    <property name="TeamCity.ToolWindow.Projects.splitter.proportion" value="0.72455573" />
    <property name="TrendingPluginsSearchHistory" value="test&#10;nunit" />
    <property name="com.intellij.diagnostic.IdeErrorsDialogactiveTab" value="1" />
    <property name="com.intellij.history.integration.ui.views.FileHistoryDialog.0" value="300" />
    <property name="com.intellij.history.integration.ui.views.FileHistoryDialog.1" value="800" />
    <property name="evlsprt.171" value="15dd7e60888" />
    <property name="evlsprt.RS-163.10479" value="159b1867678" />
    <property name="evlsprt.RS-163.12057" value="15a46e3d8a7" />
    <property name="evlsprt.RS-163.8671" value="1591e3f9300" />
    <property name="evlsprt.RS-171.3085.362" value="15ade14a442" />
    <property name="evlsprt.RS-171.3655.1246" value="15b919c18f9" />
    <property name="evlsprt.RS-171.4089.265" value="15c027e143e" />
    <property name="evlsprt.RS-171.4089.466" value="15c492b3ac4" />
    <property name="evlsprt.RS-171.4456.199" value="15cb5b61dd6" />
    <property name="evlsprt.RS-171.4456.575" value="15d4861f54b" />
    <property name="evlsprt2.171" value="15da3129c52" />
    <property name="evlsprt2.RS-163.10479" value="159886b7715" />
    <property name="evlsprt2.RS-163.12057" value="15a1428a45d" />
    <property name="evlsprt2.RS-163.8671" value="158f3b1e619" />
    <property name="evlsprt2.RS-171.3085.362" value="15aaeb3da08" />
    <property name="evlsprt2.RS-171.3655.1246" value="15b6787bdd6" />
    <property name="evlsprt2.RS-171.4089.265" value="15baaf7ce6b" />
    <property name="evlsprt2.RS-171.4089.466" value="15bf7d23cfd" />
    <property name="evlsprt2.RS-171.4456.199" value="15c8ca30abb" />
    <property name="evlsprt2.RS-171.4456.575" value="15d0c8aeb07" />
    <property name="evlsprt3.171" value="12" />
    <property name="evlsprt3.172" value="17" />
    <property name="evlsprt3.173" value="10" />
    <property name="evlsprt3.183" value="15" />
    <property name="evlsprt3.RS-163.10479" value="14" />
    <property name="evlsprt3.RS-163.12057" value="14" />
    <property name="evlsprt3.RS-163.8671" value="18" />
    <property name="evlsprt3.RS-171.3085.362" value="13" />
    <property name="evlsprt3.RS-171.3655.1246" value="10" />
    <property name="evlsprt3.RS-171.4089.265" value="18" />
    <property name="evlsprt3.RS-171.4089.466" value="18" />
    <property name="evlsprt3.RS-171.4456.199" value="10" />
    <property name="evlsprt3.RS-171.4456.575" value="12" />
    <property name="file.chooser.recent.files" value="$USER_HOME$/Desktop/lyft-sources/trafi-dmp-tasks/js/generic/capitalize_all_names/capitalize_all_names.js&#10;/Users/gabrielius/Desktop/lyft-sources/trafi-dmp-tasks/js/generic/capitalize_all_names&#10;/Users/gabrielius/Desktop/lyft-sources/trafi-external-departures-api/trafi-external-departures-api.sln&#10;/Users/gabrielius/Desktop/lyft-sources/trafi-dmp/Trafi.Dmp.sln&#10;/Users/gabrielius/Desktop/lyft-sources&#10;/Users/gabrielius/Desktop/lyft-sources/trafi-dmp-tasks/dotnet/Trafi.Dmp.Tasks.sln&#10;/Users/gabrielius/Desktop/AirlineScraper/trafi-url-monitoring&#10;/Users/gabrielius/Desktop/trafi/trafi-dmp-tasks/dotnet&#10;/Users/gabrielius/Desktop/trafi-gtfs-exporter-master/GtfsExporter.sln&#10;/Users/gabrielius/Desktop/code/dotnet/project.json&#10;/Users/gabrielius/Desktop/code/dotnet" />
    <property name="file.gist.reindex.count" value="938" />
    <property name="fileTypeChangedCounter" value="10" />
    <property name="ignoreUltimateEdition" value="true" />
    <property name="last_open_file_path" value="$USER_HOME$/Desktop/lyft-sources/trafi-dmp-tasks/js/generic/capitalize_all_names" />
    <property name="last_open_solution_path" value="$USER_HOME$/Desktop/lyft-sources/trafi-dmp-tasks/js/generic/capitalize_all_names" />
    <property name="last_selected_template" value="ASP.NET Web Application|.NET Core" />
    <property name="last_selected_template_category" value=".NET Core" />
    <property name="last_selected_template_name" value="ASP.NET Core Web App" />
    <property name="last_selected_template_parameters" value="Type=Empty;Language=C#;Framework=netcoreapp2.0;" />
    <property name="markdown.do.not.ask.to.change.preview.provider" value="true" />
    <property name="settings.code.style.selected.tab.C#" value="Line Breaks and Wrapping" />
    <property name="toolwindow.stripes.buttons.info.shown" value="true" />
    <property name="ts.lib.d.ts.version" value="3.2.1" />
  </component>
  <component name="TeamCityHistory">
    <option name="HISTORY" value="http://ec2-34-239-28-220.compute-1.amazonaws.com&amp;^%$#@gabrielius@#$%^&amp;http://ec2-34-239-28-220.compute-1.amazonaws.com/login.html&amp;^%$#@gabrielius" />
  </component>
</application>