<keymap version="1" name="Visual Studio OSX copy" parent="Visual Studio OSX">
  <action id="ChangesView.Diff" />
  <action id="ChooseDebugConfiguration" />
  <action id="CloseActiveTab" />
  <action id="CloseContent">
    <keyboard-shortcut first-keystroke="meta w" />
  </action>
  <action id="CommentByLineComment">
    <keyboard-shortcut first-keystroke="meta slash" />
  </action>
  <action id="CompareTwoFiles" />
  <action id="Console.Execute.Multiline" />
  <action id="Console.Jdbc.Execute" />
  <action id="Console.TableResult.CloneRow" />
  <action id="Console.TableResult.ColumnsList" />
  <action id="Console.TableResult.EditValue">
    <keyboard-shortcut first-keystroke="f2" />
    <keyboard-shortcut first-keystroke="enter" />
  </action>
  <action id="Console.TableResult.Submit" />
  <action id="DatabaseView.Tools" />
  <action id="Debug">
    <keyboard-shortcut first-keystroke="alt f5" />
    <keyboard-shortcut first-keystroke="meta enter" />
  </action>
  <action id="Diff.ShowDiff" />
  <action id="DirDiffMenu.SynchronizeDiff.All" />
  <action id="EditPropertiesAction" />
  <action id="EditorChooseLookupItemCompleteStatement" />
  <action id="EditorCompleteStatement" />
  <action id="EditorDuplicate">
    <keyboard-shortcut first-keystroke="ctrl d" />
  </action>
  <action id="EditorStartNewLineBefore" />
  <action id="FileChooser.GotoDesktop" />
  <action id="FileStructurePopup" />
  <action id="FileStructurePopupNew" />
  <action id="GotoImplementation" />
  <action id="Images.Editor.ActualSize">
    <keyboard-shortcut first-keystroke="meta divide" />
  </action>
  <action id="ReSharperGotoImplementation">
    <keyboard-shortcut first-keystroke="meta d" />
  </action>
  <action id="Replace">
    <keyboard-shortcut first-keystroke="shift ctrl f" />
  </action>
  <action id="Rider.Plugins.FSharp.SendToFsi" />
  <action id="RiderUnitTestDebugContextTwAction" />
  <action id="RunDashboard.CopyConfiguration" />
  <action id="SendEOF" />
  <action id="SetShortcutAction" />
  <action id="Stop">
    <keyboard-shortcut first-keystroke="shift meta enter" />
  </action>
  <action id="ToggleBreakpointEnabled" />
  <action id="ToggleFullScreen" />
  <action id="ToggleLineBreakpoint">
    <keyboard-shortcut first-keystroke="meta back_slash" />
  </action>
  <action id="UML.ActualSize">
    <keyboard-shortcut first-keystroke="meta divide" />
  </action>
  <action id="UML.ShowStructure" />
  <action id="Uml.NodeIntentions" />
  <action id="ViewSource" />
  <action id="XDebugger.NewWatch">
    <keyboard-shortcut first-keystroke="w" />
  </action>
  <action id="com.jetbrains.rider.interactive.csi.SendToCSharpInteractive" />
  <action id="openAssertEqualsDiff" />
</keymap>